{"main":"american-flights-api.raml","name":"American Flights API","organizationId":"1bf5562a-db54-4202-ad4c-b2bb7034760c","groupId":"1bf5562a-db54-4202-ad4c-b2bb7034760c","assetId":"american-flights-app","version":"1.0.2","metadata":{"branchId":"master","commitId":"86a44682daa3efbccd0e4df6ec9d1ccf1d398d00","projectId":"b50fc6c9-9edc-4140-a345-40ba39ffc47a"},"apiVersion":"v1","classifier":"raml","dependencies":[{"assetId":"training-american-flights-example","groupId":"68ef9520-24e9-4cf2-b2f5-620025690913","version":"1.0.1"},{"assetId":"training-american-flight-data-type","groupId":"68ef9520-24e9-4cf2-b2f5-620025690913","version":"1.0.1"}],"tags":[],"originalFormatVersion":"1.0"}